{
  "1": {
    "original": {
      "hex": "#413F46",
      "hsl": [
        257,
        5,
        26
      ],
      "lab": [
        27,
        2,
        -4
      ],
      "lch": [
        27,
        4,
        297
      ]
    },
    "corrected": {
      "hex": "#4E4563",
      "hsl": [
        257,
        18,
        33
      ],
      "lab": [
        31,
        11,
        -16
      ],
      "lch": [
        31,
        19,
        305
      ]
    },
    "ratio": 0.242962962962963
  },
  "2": {
    "original": {
      "hex": "#2C262C",
      "hsl": [
        300,
        7,
        16
      ],
      "lab": [
        16,
        4,
        -3
      ],
      "lch": [
        16,
        5,
        323
      ]
    },
    "corrected": {
      "hex": "#462F46",
      "hsl": [
        300,
        20,
        23
      ],
      "lab": [
        23,
        15,
        -10
      ],
      "lch": [
        23,
        18,
        326
      ]
    },
    "ratio": 0.230707070707071
  },
  "3": {
    "original": {
      "hex": "#636474",
      "hsl": [
        236,
        8,
        42
      ],
      "lab": [
        43,
        3,
        -9
      ],
      "lch": [
        43,
        9,
        288
      ]
    },
    "corrected": {
      "hex": "#6C70AC",
      "hsl": [
        236,
        28,
        55
      ],
      "lab": [
        49,
        13,
        -33
      ],
      "lch": [
        49,
        35,
        292
      ]
    },
    "ratio": 0.177239057239057
  },
  "4": {
    "original": {
      "hex": "#A9A7A7",
      "hsl": [
        0,
        1,
        66
      ],
      "lab": [
        69,
        1,
        0
      ],
      "lch": [
        69,
        1,
        0
      ]
    },
    "corrected": {
      "hex": "#D5BEBE",
      "hsl": [
        0,
        21,
        79
      ],
      "lab": [
        79,
        8,
        3
      ],
      "lch": [
        79,
        9,
        21
      ]
    },
    "ratio": 0.144107744107744
  },
  "5": {
    "original": {
      "hex": "#A48B69",
      "hsl": [
        35,
        24,
        53
      ],
      "lab": [
        59,
        4,
        22
      ],
      "lch": [
        59,
        22,
        80
      ]
    },
    "corrected": {
      "hex": "#CEAF82",
      "hsl": [
        35,
        44,
        66
      ],
      "lab": [
        73,
        5,
        27
      ],
      "lch": [
        73,
        27,
        80
      ]
    },
    "ratio": 0.0771717171717172
  },
  "6": {
    "original": {
      "hex": "#50241F",
      "hsl": [
        6,
        44,
        22
      ],
      "lab": [
        20,
        20,
        13
      ],
      "lch": [
        20,
        24,
        33
      ]
    },
    "corrected": {
      "hex": "#742820",
      "hsl": [
        6,
        57,
        29
      ],
      "lab": [
        28,
        33,
        23
      ],
      "lch": [
        28,
        40,
        35
      ]
    },
    "ratio": 0.0698989898989899
  },
  "7": {
    "original": {
      "hex": "#8C472D",
      "hsl": [
        16,
        51,
        36
      ],
      "lab": [
        38,
        27,
        29
      ],
      "lch": [
        38,
        40,
        47
      ]
    },
    "corrected": {
      "hex": "#B44D27",
      "hsl": [
        16,
        64,
        43
      ],
      "lab": [
        46,
        40,
        42
      ],
      "lch": [
        46,
        58,
        46
      ]
    },
    "ratio": 0.0579124579124579
  }
}