{
  "1": {
    "original": {
      "hex": "#9A988C",
      "hsl": [
        51,
        6,
        58
      ],
      "lab": [
        63,
        -1,
        7
      ],
      "lch": [
        63,
        7,
        98
      ]
    },
    "corrected": {
      "hex": "#C8C3A2",
      "hsl": [
        51,
        26,
        71
      ],
      "lab": [
        78,
        -4,
        17
      ],
      "lch": [
        78,
        17,
        103
      ]
    },
    "ratio": 0.24
  },
  "2": {
    "original": {
      "hex": "#A76130",
      "hsl": [
        25,
        55,
        42
      ],
      "lab": [
        48,
        24,
        39
      ],
      "lch": [
        48,
        46,
        58
      ]
    },
    "corrected": {
      "hex": "#E27E36",
      "hsl": [
        25,
        75,
        55
      ],
      "lab": [
        63,
        33,
        54
      ],
      "lch": [
        63,
        63,
        59
      ]
    },
    "ratio": 0.213866666666667
  },
  "3": {
    "original": {
      "hex": "#BA9573",
      "hsl": [
        29,
        34,
        59
      ],
      "lab": [
        64,
        9,
        23
      ],
      "lch": [
        64,
        25,
        69
      ]
    },
    "corrected": {
      "hex": "#DEB691",
      "hsl": [
        29,
        54,
        72
      ],
      "lab": [
        77,
        9,
        24
      ],
      "lch": [
        77,
        26,
        69
      ]
    },
    "ratio": 0.159644444444444
  },
  "4": {
    "original": {
      "hex": "#756852",
      "hsl": [
        38,
        18,
        39
      ],
      "lab": [
        45,
        1,
        14
      ],
      "lch": [
        45,
        14,
        86
      ]
    },
    "corrected": {
      "hex": "#9A7F51",
      "hsl": [
        38,
        31,
        46
      ],
      "lab": [
        55,
        4,
        29
      ],
      "lch": [
        55,
        29,
        82
      ]
    },
    "ratio": 0.137066666666667
  },
  "5": {
    "original": {
      "hex": "#75391A",
      "hsl": [
        20,
        64,
        28
      ],
      "lab": [
        31,
        24,
        30
      ],
      "lch": [
        31,
        38,
        51
      ]
    },
    "corrected": {
      "hex": "#9E4215",
      "hsl": [
        20,
        77,
        35
      ],
      "lab": [
        40,
        36,
        43
      ],
      "lch": [
        40,
        56,
        50
      ]
    },
    "ratio": 0.131911111111111
  },
  "6": {
    "original": {
      "hex": "#A5963C",
      "hsl": [
        51,
        47,
        44
      ],
      "lab": [
        62,
        -6,
        48
      ],
      "lch": [
        62,
        48,
        97
      ]
    },
    "corrected": {
      "hex": "#DBC548",
      "hsl": [
        51,
        67,
        57
      ],
      "lab": [
        79,
        -6,
        63
      ],
      "lch": [
        79,
        63,
        95
      ]
    },
    "ratio": 0.0675555555555555
  },
  "7": {
    "original": {
      "hex": "#34302F",
      "hsl": [
        12,
        5,
        19
      ],
      "lab": [
        20,
        2,
        1
      ],
      "lch": [
        20,
        2,
        27
      ]
    },
    "corrected": {
      "hex": "#4E3B36",
      "hsl": [
        12,
        18,
        26
      ],
      "lab": [
        27,
        8,
        6
      ],
      "lch": [
        27,
        10,
        37
      ]
    },
    "ratio": 0.0499555555555556
  }
}