{
  "1": {
    "original": {
      "hex": "#716860",
      "hsl": [
        28,
        8,
        41
      ],
      "lab": [
        45,
        2,
        6
      ],
      "lch": [
        45,
        6,
        72
      ]
    },
    "corrected": {
      "hex": "#AB8869",
      "hsl": [
        28,
        28,
        54
      ],
      "lab": [
        59,
        9,
        22
      ],
      "lch": [
        59,
        24,
        68
      ]
    },
    "ratio": 0.230133333333333
  },
  "2": {
    "original": {
      "hex": "#918C8A",
      "hsl": [
        17,
        3,
        55
      ],
      "lab": [
        59,
        1,
        2
      ],
      "lch": [
        59,
        2,
        63
      ]
    },
    "corrected": {
      "hex": "#C0A59B",
      "hsl": [
        17,
        23,
        68
      ],
      "lab": [
        70,
        8,
        9
      ],
      "lch": [
        70,
        12,
        48
      ]
    },
    "ratio": 0.211733333333333
  },
  "3": {
    "original": {
      "hex": "#4D453A",
      "hsl": [
        35,
        14,
        26
      ],
      "lab": [
        30,
        1,
        8
      ],
      "lch": [
        30,
        8,
        83
      ]
    },
    "corrected": {
      "hex": "#6B583D",
      "hsl": [
        35,
        27,
        33
      ],
      "lab": [
        39,
        4,
        19
      ],
      "lch": [
        39,
        19,
        78
      ]
    },
    "ratio": 0.182133333333333
  },
  "4": {
    "original": {
      "hex": "#261F19",
      "hsl": [
        28,
        21,
        12
      ],
      "lab": [
        12,
        2,
        5
      ],
      "lch": [
        12,
        5,
        68
      ]
    },
    "corrected": {
      "hex": "#412F20",
      "hsl": [
        28,
        34,
        19
      ],
      "lab": [
        21,
        6,
        13
      ],
      "lch": [
        21,
        14,
        65
      ]
    },
    "ratio": 0.121066666666667
  },
  "5": {
    "original": {
      "hex": "#BE7471",
      "hsl": [
        2,
        37,
        59
      ],
      "lab": [
        57,
        29,
        14
      ],
      "lch": [
        57,
        32,
        26
      ]
    },
    "corrected": {
      "hex": "#E0928F",
      "hsl": [
        2,
        57,
        72
      ],
      "lab": [
        68,
        29,
        14
      ],
      "lch": [
        68,
        32,
        26
      ]
    },
    "ratio": 0.107733333333333
  },
  "6": {
    "original": {
      "hex": "#AB589A",
      "hsl": [
        312,
        33,
        51
      ],
      "lab": [
        49,
        43,
        -21
      ],
      "lch": [
        49,
        48,
        334
      ]
    },
    "corrected": {
      "hex": "#D473C0",
      "hsl": [
        312,
        53,
        64
      ],
      "lab": [
        62,
        48,
        -24
      ],
      "lch": [
        62,
        54,
        333
      ]
    },
    "ratio": 0.0912
  },
  "7": {
    "original": {
      "hex": "#CECECC",
      "hsl": [
        60,
        2,
        80
      ],
      "lab": [
        83,
        0,
        1
      ],
      "lch": [
        83,
        1,
        90
      ]
    },
    "corrected": {
      "hex": "#E3E3CE",
      "hsl": [
        60,
        27,
        85
      ],
      "lab": [
        90,
        -4,
        10
      ],
      "lch": [
        90,
        11,
        112
      ]
    },
    "ratio": 0.056
  }
}