{
  "1": {
    "original": {
      "hex": "#716860",
      "hsl": [
        28,
        8,
        41
      ],
      "lab": [
        44.59801676924761,
        2.0499640508955808,
        5.782887664949077
      ],
      "lch": [
        44.59801676924761,
        6.135482243099103,
        70.48119612611832
      ]
    },
    "corrected": {
      "hex": "#AB8869",
      "hsl": [
        28,
        28,
        54
      ],
      "lab": [
        59.23959780260196,
        8.974606335544866,
        21.721276005020762
      ],
      "lch": [
        59.23959780260196,
        23.50228478604352,
        67.55099402509963
      ]
    },
    "ratio": 0.230133333333333
  },
  "2": {
    "original": {
      "hex": "#918C8A",
      "hsl": [
        17,
        3,
        55
      ],
      "lab": [
        58.6125806520361,
        1.4722320293794056,
        1.7241684571357663
      ],
      "lch": [
        58.6125806520361,
        2.26720621402477,
        49.506667176409515
      ]
    },
    "corrected": {
      "hex": "#C0A59B",
      "hsl": [
        17,
        23,
        68
      ],
      "lab": [
        69.81324215590413,
        8.243408073655257,
        8.82663003497759
      ],
      "lch": [
        69.81324215590413,
        12.077382764621364,
        46.95683003613294
      ]
    },
    "ratio": 0.211733333333333
  },
  "3": {
    "original": {
      "hex": "#4D453A",
      "hsl": [
        35,
        14,
        26
      ],
      "lab": [
        29.762124260581928,
        1.307946619887146,
        7.888663400079232
      ],
      "lch": [
        29.762124260581928,
        7.996357583314033,
        80.58595482535804
      ]
    },
    "corrected": {
      "hex": "#6B583D",
      "hsl": [
        35,
        27,
        33
      ],
      "lab": [
        38.62544637920264,
        3.6616693144689294,
        18.57649492068074
      ],
      "lch": [
        38.62544637920264,
        18.933937406324144,
        78.84920435720218
      ]
    },
    "ratio": 0.182133333333333
  },
  "4": {
    "original": {
      "hex": "#261F19",
      "hsl": [
        28,
        21,
        12
      ],
      "lab": [
        12.366226609043316,
        2.1593258291389974,
        5.351785324328784
      ],
      "lch": [
        12.366226609043316,
        5.7709872807075016,
        68.0270249191772
      ]
    },
    "corrected": {
      "hex": "#412F20",
      "hsl": [
        28,
        34,
        19
      ],
      "lab": [
        21.061551633445653,
        5.919646040008109,
        12.822221947895462
      ],
      "lch": [
        21.061551633445653,
        14.122732912580192,
        65.21860674026887
      ]
    },
    "ratio": 0.121066666666667
  },
  "5": {
    "original": {
      "hex": "#BE7471",
      "hsl": [
        2,
        37,
        59
      ],
      "lab": [
        56.715771666191685,
        28.74362915484735,
        14.063181378159783
      ],
      "lch": [
        56.715771666191685,
        31.999520113064364,
        26.07077214440787
      ]
    },
    "corrected": {
      "hex": "#E0928F",
      "hsl": [
        2,
        57,
        72
      ],
      "lab": [
        68.30825133487518,
        29.10624856926769,
        13.829505857345215
      ],
      "lch": [
        68.30825133487518,
        32.22466350537028,
        25.414202942540328
      ]
    },
    "ratio": 0.107733333333333
  },
  "6": {
    "original": {
      "hex": "#AB589A",
      "hsl": [
        312,
        33,
        51
      ],
      "lab": [
        49.46232621582959,
        42.896240673845284,
        -21.01237908541467
      ],
      "lch": [
        49.46232621582959,
        47.76617567670276,
        333.90244778357084
      ]
    },
    "corrected": {
      "hex": "#D473C0",
      "hsl": [
        312,
        53,
        64
      ],
      "lab": [
        61.711945079874766,
        48.265262024068775,
        -23.74337620272191
      ],
      "lch": [
        61.711945079874766,
        53.78925015052726,
        333.8058081068895
      ]
    },
    "ratio": 0.0912
  },
  "7": {
    "original": {
      "hex": "#CECECC",
      "hsl": [
        60,
        2,
        80
      ],
      "lab": [
        82.71311287675545,
        -0.3626448731319232,
        0.9918768343642581
      ],
      "lch": [
        82.71311287675545,
        1.056092305888709,
        110.08316139267157
      ]
    },
    "corrected": {
      "hex": "#E3E3CE",
      "hsl": [
        60,
        27,
        85
      ],
      "lab": [
        89.73182202740657,
        -3.5912682390905615,
        10.264303956191467
      ],
      "lch": [
        89.73182202740657,
        10.874426112222585,
        109.28388885527588
      ]
    },
    "ratio": 0.056
  }
}